{
  "start": 1779035299.1673605,
  "end": 1779035443.5726602,
  "duration_seconds": 144.41,
  "exit_code": 0,
  "timed_out": false,
  "timeout_setting": 300
}