{
  "start": 1779035299.1673605,
  "end": 1779035374.0160863,
  "duration_seconds": 74.85,
  "exit_code": 0,
  "timed_out": false,
  "timeout_setting": 300
}